{"Model": "Lasso Regression", "R2": 0.8570481277504958, "Accuracy (%)": 85.70481277504958, "RMSE": 396.89461995900564, "MAE": 224.20183586337993}