{"Model": "LightGBM", "R2": 0.9378655001134959, "Accuracy (%)": 93.78655001134959, "RMSE": 261.665636139596, "MAE": 109.9203975351275}