{"Model": "Neural Network (MLP)", "R2": 0.9315325137272247, "Accuracy (%)": 93.15325137272247, "RMSE": 274.6771166025159, "MAE": 116.19324898422724}