{"Model": "Random Forest", "R2": 0.9390492981388555, "Accuracy (%)": 93.90492981388554, "RMSE": 259.16099792668626, "MAE": 107.30210804150751}