{"Model": "Support Vector Regressor", "R2": 0.8575968684956368, "Accuracy (%)": 85.75968684956368, "RMSE": 396.9549597713252, "MAE": 182.47775406959508}